run_id,label,ts_utc,item,set,query,chapter,model,judge,budget,sources,passages_read,context_chars,gold_quotes,gold_in_prompt,context_recall,n_claims,n_supported,n_unsupported,n_contradicted,groundedness,key_coverage,forbidden_hits,outcome,cited_pages,gold_pages,turn_id,session_id,answer
9ce3cc50,v1,2026-09-16T06:34:50+00:00,A1-shadow,A,What is a shadow?,Light,qwen2.5:1.5b,"gemma3:4b (local, via Ollama)",,2,1,674,3,2,0.667,2,2,0,0,1.0,1.0,,grounded and complete,111 114,111,7defc2d62b23,634b02689a7a4bd39fb9cc876eafb609,"A shadow is the dark area on the ground where light is blocked by an object, like when you stand in front of a light source. It's formed when light can't reach the other side of the object due to its presence."
9ce3cc50,v1,2026-09-16T06:34:50+00:00,A2-friction,A,What is frictional force?,Force and Types of Force,qwen2.5:1.5b,"gemma3:4b (local, via Ollama)",,2,1,616,3,2,0.667,5,4,1,0,0.8,0.5,,grounded and complete,83 84,83,7023c07821c8,74aebf30a0864a31998152353acb90be,"Frictional force is the force that resists the relative motion of objects sliding against each other. It arises due to the interaction between surfaces in contact. The force is less when surfaces are smooth, making them easier to move against each other, and greater when surfaces are rough, making them harder to move. This force is crucial for various everyday activities, such as walking on a smooth floor, where we can easily move forward, or slipping on a rough floor, where we might fall. Without friction, we would not be able to move at all."
9ce3cc50,v1,2026-09-16T06:34:50+00:00,A3-gravity,A,What is gravitational force?,Force and Types of Force,qwen2.5:1.5b,"gemma3:4b (local, via Ollama)",,2,1,585,3,2,0.667,3,2,1,0,0.667,1.0,,"right, but not from the book",81 82,81,31425738d66d,3a5304181d3948f68c548d1a1c1db869,"Gravitational force is the force that attracts all objects towards each other, including Earth and other planets. It's caused by the mass of objects, with more massive objects having a stronger pull. This force is responsible for the Earth's gravitational pull on objects, causing them to fall towards the ground."
9ce3cc50,v1,2026-09-16T06:34:50+00:00,A4-sublimation,A,What is sublimation?,Substances in the Surroundings,qwen2.5:1.5b,"gemma3:4b (local, via Ollama)",,2,2,308,3,0,0.0,6,3,3,0,0.5,0.5,,"right, but not from the book",46 51,46,eb65db377dfb,6ce217bd655147e4b0178cd1c669c84a,"Sublimation is the process where a substance changes directly from a solid to a gas without passing through the liquid state. It's like ice turning into steam instantly. Everyday examples include dry ice (solid carbon dioxide) and some types of salt.

When you take some sand in a crucible and add a few iodine crystals, the iodine sublimates directly into vapor. This happens because the iodine crystals are heated, causing them to evaporate into the air without first becoming liquid. This process can be observed by seeing the iodine vapor rising from the sand."
9ce3cc50,v1,2026-09-16T06:34:50+00:00,A5-lever,A,What is a lever?,Simple Machines,qwen2.5:1.5b,"gemma3:4b (local, via Ollama)",,2,2,605,2,0,0.0,3,3,0,0,1.0,1.0,,grounded and complete,96,96,be6ee88f9a83,a763173619ce47d2ad3abb4b3e1a9d3b,"A lever is a simple machine that uses a rigid bar to lift or move a load. It consists of a fulcrum, where the bar pivots, and two arms: the effort arm from the fulcrum to the effort point, and the load arm from the fulcrum to the load point. The effort arm is shorter than the load arm, allowing the effort to be applied closer to the fulcrum, making it easier to lift the load."
9ce3cc50,v1,2026-09-16T06:34:50+00:00,A6-sound,A,How is sound produced?,Sound,qwen2.5:1.5b,"gemma3:4b (local, via Ollama)",,2,2,787,1,0,0.0,3,3,0,0,1.0,0.5,,grounded and complete,101 102,102,18a87302b7b2,aa97a2173e3e4409a41fceea82c6f050,"Sound is produced when an object vibrates, causing the surrounding air to vibrate as well. This vibration creates waves that travel through the air, which we perceive as sound. The intensity of the sound is measured in decibels, and the quality of the sound depends on the tension of the vocal cords in the larynx."
9ce3cc50,v1,2026-09-16T06:34:50+00:00,A7-magnet-poles,A,What are the poles of a magnet?,Fun with Magnets,qwen2.5:1.5b,"gemma3:4b (local, via Ollama)",,2,2,882,1,1,1.0,2,2,0,0,1.0,0.0,,grounded but thin,117 121,117,48d8ed7732d0,7eaf8d9f81bd424d9bb95f68d3033d9d,The poles of a magnet are the ends that indicate the north and south directions. The north pole is marked with 'N' and the south pole with 'S'.
9ce3cc50,v1,2026-09-16T06:34:50+00:00,A8-balanced-diet,A,What is a balanced diet?,Nutrition and Diet,qwen2.5:1.5b,"gemma3:4b (local, via Ollama)",,2,1,652,3,3,1.0,3,3,0,0,1.0,0.5,,grounded and complete,63,63,49c50963a58c,b7464c644651417bb2a2777cf8b29f92,"A balanced diet is a way of eating that includes all the necessary nutrients in the right amounts to keep your body healthy and strong. It's important because it helps you work better, feel good, fight off sickness, and grow big and strong. To make sure you have a balanced diet, you need to eat lots of different foods and make sure you get enough of everything your body needs."
9ce3cc50,v1,2026-09-16T06:34:50+00:00,A9-joints,A,What are the types of joints in our body?,The Skeletal System,qwen2.5:1.5b,"gemma3:4b (local, via Ollama)",,2,2,403,4,1,0.25,4,2,2,0,0.5,1.0,,"right, but not from the book",71,71,2b63dbbee575,e530ee09e72f4502951cca76022dc2e1,"Joints are the places where two or more than two bones are connected to each other. There are two main types of joints: fibrous joints and cartilaginous joints. Fibrous joints, like the sutures in the skull, have strong, immovable connections. Cartilaginous joints, such as the shoulder and hip joints, allow for some movement but not as much as fibrous joints."
9ce3cc50,v1,2026-09-16T06:34:50+00:00,A10-inner-planets,A,Which are the inner planets?,The Universe,qwen2.5:1.5b,"gemma3:4b (local, via Ollama)",,2,1,625,2,0,0.0,2,0,2,0,0.0,1.0,,"right, but not from the book",124,124,2badc74e6d3b,5c437d78e61c4e37b271d0131457e665,"The inner planets are Mercury, Venus, Earth, and Mars. These planets are closer to the Sun and have solid surfaces."
9ce3cc50,v1,2026-09-16T06:34:50+00:00,B1-reduce-friction,B,How can we reduce it?,Force and Types of Force / Simple Machines,qwen2.5:1.5b,"gemma3:4b (local, via Ollama)",,2,1,616,4,1,0.25,1,1,0,0,1.0,0.5,,grounded and complete,83 84,83 84 99,02f96d32f132,fc4fde0a1dee4f408ce9dd42bb7c668e,"By using lubricants or adding more friction, like putting oil in a machine or using a lubricant."
9ce3cc50,v1,2026-09-16T06:34:50+00:00,B2-magnets-together,B,What happens when we bring two of them together?,Fun with Magnets,qwen2.5:1.5b,"gemma3:4b (local, via Ollama)",,2,1,576,2,0,0.0,1,0,1,0,0.0,0.0,,ungrounded and incomplete,117 121,118,ec1cece59a5a,5d4cb317bedf4830915b55731be06113,"When two magnets are brought together, the north pole of one magnet will repel the north pole of the other, and the south pole of one magnet will repel the south pole of the other."
9ce3cc50,v1,2026-09-16T06:34:50+00:00,C1-off-syllabus,C,Who won the 2022 football world cup?,,qwen2.5:1.5b,"gemma3:4b (local, via Ollama)",,0,0,0,0,0,,4,0,4,0,0.0,,,abstained,,,3c2a69f77c72,9cb7d975c7f049d4955695424cc18cef,"The 2022 FIFA World Cup was won by the United States national team. The team, led by coach Gregg Berhalter, defeated the hosts, the United Arab Emirates, in the final match. The United States secured their first World Cup title with a 2-1 victory over the UAE. This victory marked the first time the United States had hosted the World Cup, and it was a historic achievement for the country."
7c700616,v2-filtered,2026-09-16T08:14:29+00:00,A1-shadow,A,What is a shadow?,Light,qwen2.5:1.5b,"gemma3:4b (local, via Ollama)",,2,1,675,3,1,0.333,2,2,0,0,1.0,1.0,,grounded and complete,111,111,1165b6516aa0,ed5caf4332204f7d94a1e8bdc316d8cf,"A shadow is the dark area on the ground or wall that appears when light is blocked by an object. It's formed because light doesn't pass through the object, creating a shadow."
7c700616,v2-filtered,2026-09-16T08:14:29+00:00,A2-friction,A,What is frictional force?,Force and Types of Force,qwen2.5:1.5b,"gemma3:4b (local, via Ollama)",,2,2,738,3,2,0.667,3,3,0,0,1.0,1.0,,grounded and complete,83 84,83,cb30a735c348,2fba49f2af6d4becb89969ccc99d9720,"Frictional force is the force that resists the relative motion of objects sliding against each other. It's caused by the interaction of surfaces in contact, where the roughness of one surface prevents the smooth movement of the other. This force is crucial for maintaining stability and preventing slipping, as it opposes the sliding motion."
7c700616,v2-filtered,2026-09-16T08:14:29+00:00,A3-gravity,A,What is gravitational force?,Force and Types of Force,qwen2.5:1.5b,"gemma3:4b (local, via Ollama)",,2,1,566,3,2,0.667,5,5,0,0,1.0,1.0,,grounded and complete,81 82,81,bf0796e8e9ee,3f1196facda44fbebb5d30e9a6d026ea,"Gravitational force is the force that attracts all objects towards each other, including Earth and objects on it. It is the reason why fruits on trees fall to the ground. Sir Isaac Newton discovered this force in the 17th century. The force acts in a direction opposite to the object's motion, causing it to slow down until it stops moving and then starts falling. While falling, the object's speed increases due to the force."
7c700616,v2-filtered,2026-09-16T08:14:29+00:00,A4-sublimation,A,What is sublimation?,Substances in the Surroundings,qwen2.5:1.5b,"gemma3:4b (local, via Ollama)",,2,2,795,3,3,1.0,8,5,2,1,0.625,0.0,,contradicts the book,45 46,46,79af205ef9a2,1ac433e0225a48aaa798a49317a77baa,"Sublimation is a fascinating process where a solid substance directly changes into a gas without going through the liquid state. This means iodine, for instance, can turn directly from a solid to a gas, and then from a gas back to a solid, without melting or boiling. This process is called sublimation.

Imagine you have a piece of ice. When you heat it, it melts into water, and then when you cool it, it turns back into ice. But with sublimation, the ice turns into water vapor instantly, and then the vapor turns back into ice. This happens because the heat energy causes the molecules to move faster, breaking the bonds between them, and then the heat energy is used to cool the vapor back into ice.

This process can be observed in everyday life, such as when you open a box of camphor. The camphor's smell spreads because the camphor molecules are in a solid state, and when heated, they change into a gas, spreading the smell throughout the room."
7c700616,v2-filtered,2026-09-16T08:14:29+00:00,A5-lever,A,What is a lever?,Simple Machines,qwen2.5:1.5b,"gemma3:4b (local, via Ollama)",,2,1,607,2,2,1.0,3,3,0,0,1.0,1.0,,grounded and complete,95 97,96,75746e10684b,ae4eb4cd1e5d48bf954a81c52367f290,"A lever is a simple machine that consists of a rigid bar or rod that pivots around a fixed point called the fulcrum. It can be used to lift heavy objects by applying force at a distance from the fulcrum. The lever's effectiveness depends on the position of the fulcrum, the load, and the effort applied."
7c700616,v2-filtered,2026-09-16T08:14:29+00:00,A6-sound,A,How is sound produced?,Sound,qwen2.5:1.5b,"gemma3:4b (local, via Ollama)",,2,1,666,1,0,0.0,4,4,0,0,1.0,1.0,,grounded and complete,102 103,102,ec53141b09dc,e1267adf21f84ddf828ac2e6436e5e03,"Sound is produced when a material vibrates, such as a stretched rubber band or vocal cords. When the vibration stops, the sound also stops. The source of sound is the object that vibrates. In the example with the balloons, the air-filled balloon produces a clearer sound than the water-filled balloon because air is a better conductor of sound."
7c700616,v2-filtered,2026-09-16T08:14:29+00:00,A7-magnet-poles,A,What are the poles of a magnet?,Fun with Magnets,qwen2.5:1.5b,"gemma3:4b (local, via Ollama)",,2,1,627,1,1,1.0,5,5,0,0,1.0,0.5,,grounded and complete,117 118,117,dd960190c98e,655cec7176ec4494b57f7bb03e674447,"A magnet has two poles: a north pole and a south pole. The north pole is indicated by 'N' and the south pole by 'S'. When a magnet settles, the north pole points to the north and the south pole to the south. Iron filings stick to the north pole and are attracted to the south pole, forming a pattern that shows the magnet's orientation. This pattern indicates that magnets always settle in the north-south direction."
7c700616,v2-filtered,2026-09-16T08:14:29+00:00,A8-balanced-diet,A,What is a balanced diet?,Nutrition and Diet,qwen2.5:1.5b,"gemma3:4b (local, via Ollama)",,2,1,652,3,3,1.0,4,4,0,0,1.0,1.0,,grounded and complete,63,63,279d282d2dfb,58ea270860e4402eb4f5a6a750720c91,"A balanced diet is a meal plan that includes all the necessary nutrients in the right amounts and proportions to keep the body healthy and strong. This includes proteins, carbohydrates, fats, vitamins, and minerals. To build a strong and healthy body, it's important to have a balanced diet that provides all these nutrients in the right quantities. A balanced diet helps in increasing work capacity, maintaining good physical and mental health, fighting diseases, and promoting proper growth."
7c700616,v2-filtered,2026-09-16T08:14:29+00:00,A9-joints,A,What are the types of joints in our body?,The Skeletal System,qwen2.5:1.5b,"gemma3:4b (local, via Ollama)",,2,2,372,4,1,0.25,4,4,0,0,1.0,0.5,,grounded and complete,71,71,76cbe92957fa,993d9e640b8f4b408e16089362eace73,"Joints are the places where two or more than two bones are connected to each other. There are two main types of joints: ball and socket joints and hinge joints. Ball and socket joints allow for a wide range of motion, enabling flexibility and movement in various directions. Examples of ball and socket joints include the shoulder and hip joints."
7c700616,v2-filtered,2026-09-16T08:14:29+00:00,A10-inner-planets,A,Which are the inner planets?,The Universe,qwen2.5:1.5b,"gemma3:4b (local, via Ollama)",,2,1,625,2,0,0.0,2,0,2,0,0.0,1.0,,"right, but not from the book",124 125,124,9785fa391252,4c6eb9a051564b5f86a4da675dec62ef,"The inner planets are Mercury, Venus, Earth, and Mars. These planets are closer to the Sun and have a solid surface."
7c700616,v2-filtered,2026-09-16T08:14:29+00:00,B1-reduce-friction,B,How can we reduce it?,Force and Types of Force / Simple Machines,qwen2.5:1.5b,"gemma3:4b (local, via Ollama)",,2,1,609,4,1,0.25,5,4,1,0,0.8,1.0,,grounded and complete,83,83 84 99,9bc85e9db6ca,63ba12aa16034a16aafb7cbe42d5395c,"Frictional force is the force that resists the motion of two surfaces sliding against each other. It arises due to the rubbing of materials like rubber, plastic, or ebonite, which generate static electricity. This force is less between smooth surfaces and greater between rough surfaces. Walking on a smooth surface is possible because of the reduced friction, allowing us to move without slipping. To reduce friction, we can use lubricants or increase the roughness of the surfaces."
7c700616,v2-filtered,2026-09-16T08:14:29+00:00,B2-magnets-together,B,What happens when we bring two of them together?,Fun with Magnets,qwen2.5:1.5b,"gemma3:4b (local, via Ollama)",,2,1,641,2,0,0.0,2,2,0,0,1.0,0.0,,grounded but thin,117 118,118,188f528aa882,16f29875d02c4e668462be51bef692cf,"The poles of a magnet are the ends where the magnet's force is strongest. When two magnets are brought close together, they attract each other if they are like poles (both north or both south) or repel each other if they are opposite poles (one north and one south)."
7c700616,v2-filtered,2026-09-16T08:14:29+00:00,C1-off-syllabus,C,Who won the 2022 football world cup?,,qwen2.5:1.5b,"gemma3:4b (local, via Ollama)",,0,0,0,0,0,,4,0,4,0,0.0,,,abstained,,,7fbbb72de4e8,ef2ce89839d441f9a93e3b12e8b218f8,"The 2022 FIFA World Cup was won by the United States national team. They defeated Argentina in the final match at the Lusail Iconic Stadium in Doha, Qatar. The United States had a strong performance throughout the tournament, including a 1-0 win over France in the quarterfinals and a 4-2 victory over England in the semifinals. Their victory was a significant achievement for the American football community and a testament to their team's skill and determination."
e207cffe,v3-reflow,2026-09-17T05:56:48+00:00,A1-shadow,A,What is a shadow?,Light,qwen2.5:1.5b,"gemma3:4b (local, via Ollama)",,2,1,655,3,1,0.333,2,2,0,0,1.0,1.0,,grounded and complete,110 111,111,12cc375f1d9e,8cb03fb2fb164ce88748a93ac5e16f3d,"A shadow is the dark area that appears on the surface of an object when light is blocked by it. It's caused when light can't pass through the object, and the light that does reach the other side of the object falls on a surface, making that part of the surface dark."
e207cffe,v3-reflow,2026-09-17T05:56:48+00:00,A2-friction,A,What is frictional force?,Force and Types of Force,qwen2.5:1.5b,"gemma3:4b (local, via Ollama)",,2,2,741,3,2,0.667,4,4,0,0,1.0,0.5,,grounded and complete,83 84,83,e1339bd81c48,beff3c9940da4febba40479f15b6ffb9,"Frictional force is the force that resists the relative motion of objects sliding against each other. It is caused by the interaction between the surfaces of two objects in contact, especially when they are moving. This force is responsible for the smooth sliding of materials like rubber, plastic, and ebonite, as well as the difficulty in moving rough surfaces. Without friction, objects would not be able to move at all, and we would slip and fall easily."
e207cffe,v3-reflow,2026-09-17T05:56:48+00:00,A3-gravity,A,What is gravitational force?,Force and Types of Force,qwen2.5:1.5b,"gemma3:4b (local, via Ollama)",,2,1,656,3,0,0.0,2,2,0,0,1.0,0.0,,grounded but thin,81 82,81,32e75cd5a57b,3668b2a145ea4c6fbd29e4df12a45ef1,Gravitational force is the force that attracts two objects with mass towards each other. It is the force that keeps planets in orbit around the sun and that causes objects to fall when dropped.
e207cffe,v3-reflow,2026-09-17T05:56:48+00:00,A4-sublimation,A,What is sublimation?,Substances in the Surroundings,qwen2.5:1.5b,"gemma3:4b (local, via Ollama)",,1,1,650,3,2,0.667,4,4,0,0,1.0,0.5,,grounded and complete,45,46,9da6e6e5ddba,7e9daafb991a4238a646eec9a4edc2eb,"Sublimation is the process where a solid substance directly changes into a gas or vapor without first becoming a liquid. This means the substance goes from a solid to a gas without going through the liquid phase. For example, when you heat iodine, it turns into a gas without becoming a liquid first. This happens because the molecules of iodine have enough energy to escape from the solid directly into the gas state."
e207cffe,v3-reflow,2026-09-17T05:56:48+00:00,A5-lever,A,What is a lever?,Simple Machines,qwen2.5:1.5b,"gemma3:4b (local, via Ollama)",,2,1,658,2,0,0.0,3,3,0,0,1.0,1.0,,grounded and complete,96,96,68f6e611ef6c,cc1701d3b7664ca896ac7c35cc724c14,"A lever is a simple machine that helps you lift heavy objects by using a force applied at a distance from the object being lifted. The force you apply is called the effort, and the distance from the fulcrum (pivot point) to the effort is called the effort arm. For example, a crowbar is a lever used to pry open a nail or a screwdriver is a lever used to remove a screw."
e207cffe,v3-reflow,2026-09-17T05:56:48+00:00,A6-sound,A,How is sound produced?,Sound,qwen2.5:1.5b,"gemma3:4b (local, via Ollama)",,2,1,642,1,0,0.0,3,3,0,0,1.0,1.0,,grounded and complete,102,102,e1cb6dc6576b,00047a636d0b4469b0dec04059f3d4ef,"Sound is produced when objects vibrate, and the vibration causes the air around them to vibrate too, creating a wave that travels through the air. When the vibration stops, the sound stops. The source of sound is the object that vibrates."
e207cffe,v3-reflow,2026-09-17T05:56:48+00:00,A7-magnet-poles,A,What are the poles of a magnet?,Fun with Magnets,qwen2.5:1.5b,"gemma3:4b (local, via Ollama)",,2,1,645,1,1,1.0,3,2,1,0,0.667,0.5,,"right, but not from the book",117,117,b65ffb52311b,3b2a6dda0eba498d9eed4aa1f7fc0628,"Magnets have two ends, each with a unique property: one end points north (N) and the other south (S). These ends are called poles, and they attract each other. When a magnet is placed with its poles facing each other, they repel each other."
e207cffe,v3-reflow,2026-09-17T05:56:48+00:00,A8-balanced-diet,A,What is a balanced diet?,Nutrition and Diet,qwen2.5:1.5b,"gemma3:4b (local, via Ollama)",,2,1,651,3,2,0.667,3,3,0,0,1.0,1.0,,grounded and complete,63 66,63,229c90c84ec9,8f387979f9054fcabd5765cafa1dc7b5,"A balanced diet is one that provides all the necessary nutrients in the right proportions and sufficient quantities to maintain good health. It includes a variety of foods like fruits, vegetables, dairy, and grains, as well as moderate amounts of fats and proteins. This ensures that the body gets the essential vitamins, minerals, and energy it needs to function properly and fight diseases."
e207cffe,v3-reflow,2026-09-17T05:56:48+00:00,A9-joints,A,What are the types of joints in our body?,The Skeletal System,qwen2.5:1.5b,"gemma3:4b (local, via Ollama)",,2,1,623,4,1,0.25,3,3,0,0,1.0,0.0,,grounded but thin,71,71,9e06fc541b36,a5af035261af463db80f8d384091124d,"Joints in our body are like hinges, ball-and-socket, or both. Hinge joints, like elbows and knees, allow movement in one direction. Ball-and-socket joints, like shoulders and hips, allow movement in multiple directions."
e207cffe,v3-reflow,2026-09-17T05:56:48+00:00,A10-inner-planets,A,Which are the inner planets?,The Universe,qwen2.5:1.5b,"gemma3:4b (local, via Ollama)",,2,1,583,2,0,0.0,2,0,2,0,0.0,1.0,,"right, but not from the book",124 125,124,79335d53ab69,ce1e0236ed58489c88352653ec9188bd,"The inner planets are the planets located closest to the Sun. They are Mercury, Venus, Earth, and Mars."
e207cffe,v3-reflow,2026-09-17T05:56:48+00:00,B1-reduce-friction,B,How can we reduce it?,Force and Types of Force / Simple Machines,qwen2.5:1.5b,"gemma3:4b (local, via Ollama)",,2,2,741,4,1,0.25,0,0,0,0,,0.0,,ungrounded and incomplete,83 84,83 84 99,7241f3a626c8,6e6de817f2a24fefa458ea5335207f77,(answered)
e207cffe,v3-reflow,2026-09-17T05:56:48+00:00,B2-magnets-together,B,What happens when we bring two of them together?,Fun with Magnets,qwen2.5:1.5b,"gemma3:4b (local, via Ollama)",,2,1,604,2,0,0.0,0,0,0,0,,0.0,,ungrounded and incomplete,117,118,ae3867abda10,53acd4bad48d4064a9671cd3961168ff,(answered)
e207cffe,v3-reflow,2026-09-17T05:56:48+00:00,C1-off-syllabus,C,Who won the 2022 football world cup?,,qwen2.5:1.5b,"gemma3:4b (local, via Ollama)",,0,0,0,0,0,,4,0,4,0,0.0,,,abstained,,,7779f1f32749,c43e73ad2716410fb406c0262b9fadbf,"The 2022 FIFA World Cup was won by the United States team. They defeated the France team in the final match held in Qatar. The United States team showcased their skills and teamwork, particularly in the second half of the match, to secure the victory. This win was a significant achievement for the United States, marking their first World Cup title in the sport's history."
57b2005b,v4-reflow700-opening,2026-09-17T10:01:15+00:00,A1-shadow,A,What is a shadow?,Light,qwen2.5:1.5b,"gemma3:4b (local, via Ollama)",,2,1,603,3,2,0.667,2,2,0,0,1.0,1.0,,grounded and complete,111,111,6fee30ad7362,6b1197604ae44c3894ca1949ff7641e8,"A shadow is the dark area that appears on the ground or a surface when an object blocks the light from a source, like the sun. The shadow's length changes throughout the day as the sun's position changes."
57b2005b,v4-reflow700-opening,2026-09-17T10:01:15+00:00,A2-friction,A,What is frictional force?,Force and Types of Force,qwen2.5:1.5b,"gemma3:4b (local, via Ollama)",,2,2,741,3,2,0.667,5,5,0,0,1.0,1.0,,grounded and complete,83 84,83,d823e4a594e1,3171c3b4c1944166a1c8d2cd5537120f,"Frictional force is the force that opposes the relative motion of objects sliding against each other. It is caused by the interaction of surfaces and is influenced by the smoothness or roughness of the surfaces in contact. The force of friction between smooth surfaces is less, making them easier to slide against each other, while rough surfaces create more friction, making them harder to slide. This force is crucial for maintaining stability and preventing slipping, as it prevents objects from sliding too easily. Without friction, we would slip and fall, and it is essential for our daily activities, such as walking on the ground."
57b2005b,v4-reflow700-opening,2026-09-17T10:01:15+00:00,A3-gravity,A,What is gravitational force?,Force and Types of Force,qwen2.5:1.5b,"gemma3:4b (local, via Ollama)",,2,1,651,3,0,0.0,2,1,1,0,0.5,0.5,,"right, but not from the book",81,81,42bd28681ec7,c4221cfdb2234f438115b63a52720b9e,"Gravitational force is the pull of the Earth on objects, like pulling a stone into water or lifting a sack. It's the force that makes things fall down when dropped or move upwards when lifted."
57b2005b,v4-reflow700-opening,2026-09-17T10:01:15+00:00,A4-sublimation,A,What is sublimation?,Substances in the Surroundings,qwen2.5:1.5b,"gemma3:4b (local, via Ollama)",,2,1,644,3,2,0.667,3,3,0,0,1.0,0.0,,grounded but thin,45 46,46,c7bb379b92c3,f5f272911c1d4e81a4233babf38d8fac,"Sublimation is the process where a solid substance directly changes into a gas or vapor without going through the liquid state. This happens when a solid substance heats up and turns into a gas instantly. An example is when you open a box of camphor, the smell spreads everywhere because camphor sublimates into the air."
57b2005b,v4-reflow700-opening,2026-09-17T10:01:15+00:00,A5-lever,A,What is a lever?,Simple Machines,qwen2.5:1.5b,"gemma3:4b (local, via Ollama)",,2,1,620,2,2,1.0,5,5,0,0,1.0,1.0,,grounded and complete,96,96,fff1eaf2c72b,1612c248b7de484aa57f9bc2f697887c,"A lever is a simple machine that helps you lift heavy objects by using a force arm. It has three parts: the fulcrum, the effort arm, and the load arm. The fulcrum is the point where the lever rests, and the effort arm is the part from the fulcrum to the effort (the force you apply). The load arm is from the fulcrum to the load (the object you're lifting). For example, a farmer uses a crowbar to lift a big stone, and a needle is used for stitching cloth."
57b2005b,v4-reflow700-opening,2026-09-17T10:01:15+00:00,A6-sound,A,How is sound produced?,Sound,qwen2.5:1.5b,"gemma3:4b (local, via Ollama)",,2,1,554,1,0,0.0,4,4,0,0,1.0,0.5,,grounded and complete,102,102,39d471dac942,f3c6b45c24c84f1eabd50fc5d4a281ca,"Sound is produced when objects vibrate, causing the air around them to vibrate as well. This vibration creates waves that travel through the air, carrying the sound. The vibration of the vocal cords in our larynx, which is located in the throat, is the primary way sound is produced. The quality of the sound depends on the tension of the vocal cords."
57b2005b,v4-reflow700-opening,2026-09-17T10:01:15+00:00,A7-magnet-poles,A,What are the poles of a magnet?,Fun with Magnets,qwen2.5:1.5b,"gemma3:4b (local, via Ollama)",,2,1,640,1,1,1.0,3,3,0,0,1.0,0.0,,grounded but thin,117,117,c285a6f814a2,30f946edb1594355946aa8b96836768f,"A magnet has two poles: a north pole and a south pole. The north pole is indicated by 'N' and the south pole by 'S'. When a magnet is placed over iron filings, the north pole attracts the filings, while the south pole repels them, always pointing in the north-south direction."
57b2005b,v4-reflow700-opening,2026-09-17T10:01:15+00:00,A8-balanced-diet,A,What is a balanced diet?,Nutrition and Diet,qwen2.5:1.5b,"gemma3:4b (local, via Ollama)",,2,1,624,3,2,0.667,2,2,0,0,1.0,1.0,,grounded and complete,63 64,63,493b60803874,282c4b1bed2b4f1a95e5775e15214826,"A balanced diet is one that contains all the necessary nutrients in the right proportions and in sufficient quantities. This ensures a strong and healthy body, improves physical and mental health, helps in fighting diseases, and promotes proper growth."
57b2005b,v4-reflow700-opening,2026-09-17T10:01:15+00:00,A9-joints,A,What are the types of joints in our body?,The Skeletal System,qwen2.5:1.5b,"gemma3:4b (local, via Ollama)",,2,1,505,4,1,0.25,3,2,1,0,0.667,0.0,,ungrounded and incomplete,71,71,64b11090f904,c7f15cb1d1664bd398390fecb067988d,"Joints in our body are classified into different types based on their ability to move. The most common types are hinge joints, which allow movement in one direction, and ball-and-socket joints, which allow movement in multiple directions. Hinge joints, such as the elbow and knee, move in a 180-degree angle."
57b2005b,v4-reflow700-opening,2026-09-17T10:01:15+00:00,A10-inner-planets,A,Which are the inner planets?,The Universe,qwen2.5:1.5b,"gemma3:4b (local, via Ollama)",,2,1,548,2,2,1.0,2,2,0,0,1.0,1.0,,grounded and complete,124,124,414a8fe09189,995a6d571432483e90b887523d28b084,"Mercury, Venus, Earth, and Mars are the inner planets. These planets are closer to the sun and have rocky, solid surfaces."
57b2005b,v4-reflow700-opening,2026-09-17T10:01:15+00:00,B1-reduce-friction,B,How can we reduce it?,Force and Types of Force / Simple Machines,qwen2.5:1.5b,"gemma3:4b (local, via Ollama)",,2,1,609,4,1,0.25,2,2,0,0,1.0,0.5,,grounded and complete,83,83 84 99,729454ceaf9a,08cf9177ce6f4a8ca2373ac9bf988cdf,"To reduce frictional force, we can apply a lubricant, such as oil or graphite, between the surfaces in contact. This reduces the friction by decreasing the resistance between the surfaces."
57b2005b,v4-reflow700-opening,2026-09-17T10:01:15+00:00,B2-magnets-together,B,What happens when we bring two of them together?,Fun with Magnets,qwen2.5:1.5b,"gemma3:4b (local, via Ollama)",,2,1,634,2,0,0.0,3,1,1,1,0.333,0.0,,contradicts the book,117 118,118,a6e12b18b482,7059b10ba8724df787907ad296e0faed,"When two magnets are brought close to each other, they repel each other. If you have a north pole facing a south pole, they push each other apart. If a north pole is near a south pole, they attract each other."
57b2005b,v4-reflow700-opening,2026-09-17T10:01:15+00:00,C1-off-syllabus,C,Who won the 2022 football world cup?,,qwen2.5:1.5b,"gemma3:4b (local, via Ollama)",,0,0,0,0,0,,4,0,4,0,0.0,,,abstained,,,149cbb44796a,23a5a3ac0724463db40fc7187234aa5c,"The 2022 FIFA World Cup was won by the United States team. They defeated the France team in the final match held in Qatar. The United States team, led by coach Gregg Berhalter, showcased their skills and teamwork to secure their victory. This win was a significant achievement for the United States, marking their first-ever appearance in the World Cup final."
